{"cameraMode":{"drawMode":0,"name":"Shaded","section":"Shading Mode"},"sceneLighting":true,"audioPlay":false,"sceneViewState":{"m_AlwaysRefresh":false,"showFog":true,"showSkybox":true,"showFlares":true,"showImageEffects":true,"showParticleSystems":true,"showVisualEffectGraphs":true,"m_FxEnabled":true},"in2DMode":false,"pivot":{"x":0.05795097351074219,"y":0.5564719438552856,"z":1.4391967058181763},"rotation":{"x":-0.20911535620689393,"y":0.5489943623542786,"z":-0.14417070150375367,"w":-0.7963010668754578},"size":1.7482045888900757,"orthographic":false}